Customer_ID,Name,Email,Age,Country,Join_Date
1347,Steven Martinez,carlosfernandez@allen-jenkins.info,30,United Kingdom,12/25/2023
1614,Carrie Warren,patrickgilbert@anderson.com,43,Nigeria,8/6/2024
1700,Carol Carson,eric37@gmail.com,34,Micronesia,2/13/2025
1948,Francisco Carpenter,suttonjoseph@mcbride-perez.com,54,Jersey,9/29/2022
1705,Jamie Rivers,eharris@wilson.com,43,Tokelau,2/10/2024
1066,Shawn Marshall,robert82@johnson.info,25,Switzerland,11/6/2024
1213,Christina Byrd,williamsjasmine@hotmail.com,32,Australia,4/17/2023
1437,Alicia Mckinney,dannyjones@hotmail.com,38,Bangladesh,3/8/2024
1067,Tim Cruz,sonya44@yahoo.com,58,Greenland,1/31/2022
1688,Anita Williams,,47,Belarus,2/1/2023
1155,Kimberly Howard,millsleah@kim.com,29,American Samoa,6/11/2020
1419,David Whitehead,eevans@gmail.com,35,Serbia,4/16/2022
1816,Melanie Matthews,,56,Iran,2/5/2021
1640,Philip Gonzales,carlos11@vega.com,58,Ireland,4/20/2023
1459,Anna Henry,erinbarker@palmer.org,50,Ukraine,4/26/2020
1305,Drew Campbell,spencetroy@sutton.com,59,French ,1/27/2024
1315,Shelly Joseph,warrentracy@johnson.org,18,Netherlands,1/14/2021
1579,Sharon Vega,james49@hill.org,54,Barbados,3/4/2024
1295,Dawn Miranda,bwolfe@gmail.com,34,Gambia,10/15/2022
1068,Brent Peterson,xmoreno@gmail.com,30,Angola,4/7/2024
1781,Sherry Reed,rebeccabaker@gmail.com,28,British Virgin Islands,8/22/2021
1193,Ashley Miller,stanley80@haynes.info,18,Italy,1/12/2021
1060,Stephanie Wyatt,,47,Kyrgyz Republic,11/4/2020
1532,Connor White,fitzpatrickstephanie@tucker.com,54,Samoa,7/29/2020
1830,Matthew Thomas,martinsantiago@benitez-foster.net,33,Niger,2/17/2022
1632,Isaiah Shaw,,36,Norway,7/5/2020
1504,Scott Woodard,angelawalton@hotmail.com,25,Albania,10/1/2023
1192,Dr. Michael Walter,aadkins@yahoo.com,40,Samoa,5/19/2023
1486,Amy Stark,keith31@gmail.com,28,Uruguay,
1959,Michelle Carey,ybautista@smith.com,22,Montenegro,9/24/2023
1930,Carolyn Best,elizabethstrong@rice.info,27,Singapore,
1251,Taylor Cooke,fharris@yahoo.com,47,Honduras,5/4/2024
1318,Tina Scott,amanda04@wolfe.org,29,Norfolk Island,6/27/2020
1418,Deborah Lamb,william89@chambers-baker.com,48,San Marino,1/1/2021
1728,Caroline Figueroa,mossdean@stout.com,40,Morocco,
1864,Frederick Callahan,lerickson@fields-winters.com,44,Anguilla,1/1/2025
1755,Rhonda Martinez,thomaswilliams@yahoo.com,53,Belarus,12/9/2020
1119,Robert Williams,lori58@steele.info,60,Malta,2/10/2024
1624,Sarah Russell,jenny67@yahoo.com,44,Liechtenstein,9/26/2021
1997,Yvonne Norton,summer70@chavez-bryant.com,28,New Caledonia,12/31/2024
1143,Colin Phillips,patrickwaters@hotmail.com,35,Central African Republic,3/6/2022
1597,Adrienne Moore,,46,Eritrea,11/1/2021
1743,Keith Rios,brent09@yahoo.com,53,Grenada,5/13/2023
1468,Cindy Ballard,rebecca43@butler.biz,26,Tuvalu,9/6/2021
1817,David Clay,rjones@gmail.com,54,Anguilla,2/16/2023
1908,Kevin Flowers,nicholas72@hotmail.com,49,Myanmar,4/22/2022
1958,Joseph Moran,stephentaylor@patterson.biz,46,Uganda,12/10/2023
1890,Benjamin Hubbard,tsandoval@hotmail.com,42,Serbia,9/9/2024
1452,Edward Johnson,patriciahuff@hotmail.com,22,Australia,9/6/2022
1146,David Kelley,christina80@wright.com,33,Ecuador,11/3/2022
1567,Linda Powers,hartmandavid@hernandez.info,43,Brazil,12/28/2022
1037,Kevin Reed,jonathon94@yahoo.com,41,Suriname,8/22/2022
1323,Tami Perry,mary46@hernandez.com,39,Grenada,2/8/2025
1557,Julia Sanchez,lisa72@gmail.com,31,Vietnam,
1999,James Reed,barnestiffany@jones.com,26,Poland,4/4/2025
1849,Margaret Hall,suttonamy@hotmail.com,38,Nepal,7/13/2024
1286,Brandon Garza,schultzsusan@hotmail.com,20,Swaziland,4/28/2023
1842,Christine Perez,jenna65@gomez.com,30,Ghana,6/17/2021
1672,Tony Tucker,elizabethpoole@brooks.com,18,Bolivia,7/10/2021
1194,Kimberly Francis,nkennedy@matthews.com,58,Russian Federation,6/8/2020
1947,Justin Newman,eric75@taylor.com,43,Gabon,10/12/2024
1642,Matthew Perkins,imclaughlin@ferguson-garrett.com,27,Indonesia,12/8/2024
1549,Shannon Carpenter,,35,Argentina,12/24/2024
1333,Andrea Chavez,wmcintyre@dunn.net,52,Tokelau,4/8/2023
1280,Mrs. Barbara Johnson,patricia88@leach.org,25,Burkina Faso,9/12/2023
1455,Sandra Rivera,katiemarshall@yahoo.com,30,United States of America,11/29/2021
1565,Laurie Cruz,yangleah@hotmail.com,36,Seychelles,
1978,Erik Hammond,abigail31@williams.biz,32,Saint Helena,6/14/2023
1858,Christian Fuller,mitchellmercado@wright.com,18,Cameroon,1/2/2025
1199,Eric Frye,fmartinez@daniels.info,49,Western Sahara,10/21/2022
1922,Mrs. Dawn Brown,tiffanyrush@baker.biz,24,Swaziland,9/30/2023
1141,Angela Dillon,hermannicole@gmail.com,38,Monaco,4/27/2024
1599,Nichole Gonzalez,ygutierrez@rogers.com,57,Kazakhstan,7/4/2022
1226,John Wilson,brittneytaylor@hotmail.com,55,Greece,11/23/2022
1589,Tammy Beck,robertoharper@yahoo.com,59,French Polynesia,4/23/2021
1742,Katie Gilbert,marianichols@hotmail.com,52,Myanmar,10/25/2023
1365,Jennifer Boyd,darlenelang@campos.biz,56,Saudi Arabia,11/5/2020
1094,James Hatfield,shannonramirez@yahoo.com,19,Israel,6/27/2020
1687,Emily Pearson,kimberly91@martinez-douglas.com,56,Germany,6/21/2023
1137,Lisa Rios,david25@gmail.com,53,Iceland,6/10/2023
1309,Cynthia Ryan,fjohnson@craig.net,54,San Marino,6/27/2023
1456,Eric Yu,dbishop@yahoo.com,43,Singapore,5/7/2023
1267,Tiffany Odonnell,gabrielle12@webster.com,32,Anguilla,5/2/2024
1317,Robert Parker,,34,Brazil,3/8/2025
1020,Robert Lucas,martinkristy@hotmail.com,33,Netherlands Antilles,3/8/2023
1239,Dana Harris,thompsoncathy@gmail.com,53,Tonga,12/11/2022
1518,Matthew Hull,danielmurphy@hotmail.com,56,China,4/8/2025
1747,Ms. Alexandra Gray,ybaker@bishop.info,41,Reunion,8/21/2023
1071,Brian Sanford,frojas@everett-joseph.info,49,Lao People's Democratic Republic,12/21/2022
1488,Shawn Sanchez,erica35@sanchez.com,30,Wallis and Futuna,2/7/2022
1288,Elizabeth Flynn,leeheather@roberts-carter.com,27,Bahamas,2/12/2021
1577,George Cole,millerzachary@hotmail.com,38,Cook Islands,11/25/2022
1964,Jordan Rodriguez,kristinkirby@kennedy-silva.info,57,Malaysia,11/13/2020
1412,Amber Martinez,,27,Jordan,11/10/2020
1962,Alexander Patterson,thomasthomas@crawford.com,29,Timor-Leste,7/19/2024
1502,Alexis Price,vhudson@yahoo.com,47,Cambodia,1/24/2022
1470,Denise Fernandez,justin81@gmail.com,36,Heard Island and McDonald Islands,1/16/2023
1015,Patricia Long,donaldreed@yahoo.com,26,Bhutan,12/16/2021
1998,Jordan Lewis,brentbarnes@hotmail.com,24,Korea,2/1/2025
1713,Laura Rose,timothy02@hamilton-smith.com,22,Cameroon,11/26/2020
1481,Alicia Carroll,,57,Lao People's Democratic Republic,7/20/2021
1047,Tracy Hood,kylietyler@griffin.info,43,Malta,10/8/2023
1464,Sarah Jones,heatherdavis@hughes-rice.com,26,Seychelles,12/23/2022
1183,Christopher Odom,butlerkayla@ayala-hall.com,44,Palau,6/16/2022
1099,Keith Sanchez,xunderwood@smith.com,43,Venezuela,7/29/2022
1007,Seth Martin,wramsey@gmail.com,31,French Polynesia,4/23/2023
1551,Raymond Brown,mgonzalez@yahoo.com,53,Luxembourg,4/13/2021
1312,James Johnson,lward@gmail.com,48,Solomon Islands,10/24/2024
1158,Gregory Love,jessica17@mendez.biz,60,Belize,5/19/2023
1684,Daniel Watson,cblack@martinez.com,81,Burundi,
1654,Michael Baldwin,lee32@jones.info,55,Norfolk Island,7/6/2023
1091,Amanda Warren,,57,Malaysia,2/12/2024
1465,Keith Brown,,28,Heard Island and McDonald Islands,8/13/2020
1678,Lindsey Wilson,,48,Cote d'Ivoire,9/26/2020
1898,Tiffany Martin,sherry43@yahoo.com,90,Japan,10/14/2024
1230,Jaime Collins,tinapayne@cook-smith.info,39,Philippines,3/23/2024
1946,Alexander Hays,kimberlydunlap@yahoo.com,48,French Polynesia,2/25/2022
1293,Larry Kim,,33,Svalbard & Jan Mayen Islands,5/11/2023
1526,Samuel Mahoney,debradavis@hotmail.com,59,Tuvalu,10/18/2022
1384,Elizabeth Clements,claytonallen@yahoo.com,60,Brazil,2/5/2025
1529,Mrs. Bonnie Perez,,52,Australia,11/21/2023
1505,Andrew James,paula05@gmail.com,37,Kyrgyz Republic,11/16/2023
1322,Samantha Hernandez,yward@horton.com,50,Namibia,3/30/2025
1744,Carol Miller,mcox@williams.info,53,Aruba,3/14/2025
1496,Thomas Johnson,,18,San Marino,1/14/2025
1272,Joshua Fuller,andrew19@hotmail.com,47,Bahrain,3/15/2023
1798,Robert Morales,philip92@yahoo.com,24,Sudan,6/14/2023
1351,Kenneth Mendez,scombs@buck.com,52,Marshall Islands,1/14/2024
1508,James Costa,lmartin@roth.com,56,Senegal,7/26/2023
1803,Ronald Ball,summer29@hotmail.com,54,Saint Vincent and the Grenadines,7/18/2022
1732,Dawn Payne,katherine48@braun.com,33,Senegal,5/30/2022
1691,Diane Rogers,,43,Armenia,
1356,Scott Singleton,gordongina@yahoo.com,43,Korea,5/1/2021
1182,James Guzman,barryturner@gmail.com,26,Sri Lanka,4/26/2021
1284,Dawn Thompson,julia42@gmail.com,27,Finland,6/5/2020
1223,David Murray,thomas08@gmail.com,53,Tokelau,8/23/2023
1852,Timothy Smith,kellymccoy@yahoo.com,24,Saint Kitts and Nevis,8/31/2023
1530,Joseph Simmons,pearsondarren@powell.info,55,Djibouti,3/6/2025
1101,Juan Hill,jeremysingleton@yahoo.com,60,Montenegro,5/18/2022
1782,Dr. William Joseph,patrick65@hotmail.com,41,Sri Lanka,5/27/2020
1265,Maureen Cross PhD,victoria93@edwards-acevedo.com,60,Mexico,9/10/2022
1601,Andrew Garrett,randyrojas@clay-russell.com,21,Congo,4/7/2021
1065,Jennifer Cooper,umcneil@hotmail.com,35,Aruba,1/1/2022
1507,Noah Gonzalez,,19,Dominica,6/26/2021
1164,Mitchell Gomez,colonpamela@murphy.com,51,Indonesia,11/22/2020
1281,Chelsea Huffman,barbaramiller@moore.com,35,Uzbekistan,6/3/2020
1200,James Walsh,rharris@gmail.com,32,Eritrea,8/22/2021
1212,Karen Jackson,laurenrobbins@hart.com,101,Lesotho,1/20/2025
1880,Abigail Griffin,gravesrobert@aguirre.com,49,French Guiana,6/5/2021
1018,Melinda Tucker,mcconnellrenee@sherman.biz,109,Nepal,
1839,Derrick Benjamin,,27,Azerbaijan,4/15/2025
1796,Sean Morton,codycole@cole.com,31,Niue,12/9/2023
1903,Amanda Murphy,thomashicks@gmail.com,53,Ecuador,7/27/2022
1502,Alexis Price,vhudson@yahoo.com,47,Cambodia,1/24/2022
1664,Zachary Malone,qmorton@hotmail.com,84,Saint Vincent and the Grenadines,7/23/2024
1618,Wendy Martinez,autumn03@barajas.info,47,Namibia,7/30/2020
1863,Brianna Moore,,21,Saint Pierre and Miquelon,4/15/2021
1556,Frederick Castillo,rhondawhite@yahoo.com,41,Netherlands Antilles,2/11/2022
1671,Lisa Landry,paulreed@rosario.com,47,Mauritius,12/4/2020
1102,Michael Boyer,ericfrank@scott.com,41,Svalbard & Jan Mayen Islands,11/3/2020
1480,Jorge Allen,xsingh@santiago-douglas.net,46,Chile,5/17/2022
1492,Thomas Richards,jcarpenter@yahoo.com,28,Cocos (Keeling) Islands,2/3/2025
1512,Daniel Hurst,wheath@schwartz-patterson.com,44,United Arab Emirates,8/25/2024
1645,Sean Oneal,tiffany37@wilkerson-greer.com,51,Iraq,5/28/2021
1861,Darlene Woods,christopher58@raymond.com,24,Denmark,3/28/2022
1335,Cassandra Hudson,welchdouglas@gmail.com,24,Mozambique,3/11/2023
1877,Jill Bray,gonzalezedward@villa.com,58,Ukraine,1/24/2022
1874,Katie Wolf,terry48@hansen.com,18,Equatorial Guinea,8/9/2022
1544,Isabel Hernandez,zhernandez@miller-quinn.biz,94,Timor-Leste,1/16/2022
1542,William Hunter,whitejennifer@yahoo.com,50,Macao,4/19/2025
1833,Richard Davidson,livingstonscott@rodriguez-barnes.biz,54,Equatorial Guinea,12/15/2024
1453,Kimberly Castillo,hamiltonshannon@cardenas-wagner.org,23,United Arab Emirates,7/9/2021
1391,Christopher Howard,qsmith@yahoo.com,27,Holy See ,6/18/2023
1089,Brittany Franklin,,46,Sao Tome and Principe,12/19/2023
1735,Candice Lin,elizabethhall@gmail.com,51,Armenia,12/4/2021
1612,Elizabeth Harvey,richardsandoval@yahoo.com,18,Azerbaijan,8/23/2022
1822,Chelsea Bryant,marcus71@avila.com,38,Isle of Man,6/28/2024
1473,John Nichols,richardsonjoseph@smith.com,69,Hungary,5/4/2020
1653,Jose Gonzalez,joseph72@anderson.biz,37,Tuvalu,12/22/2024
1241,Kenneth Duncan,,40,Netherlands,1/14/2025
1070,William Mitchell,emilypierce@gutierrez-vincent.com,48,Norway,3/31/2023
1637,Chase Reed,danielnewton@black.info,28,Antarctica ,8/18/2020
1232,Johnny Burke,ethanjones@hunt.com,26,Cape Verde,6/17/2024
1379,Ronald Clark,michaelmaynard@griffin-edwards.com,26,American Samoa,8/1/2023
1768,Teresa Graham,kwalker@espinoza-macias.com,128,Pakistan,5/18/2020
1287,Lindsey Allen,jturner@gmail.com,50,Indonesia,4/21/2021
1920,Phillip Le,,18,Iraq,12/20/2023
1250,Amanda Oneal,tom94@hotmail.com,32,Spain,1/7/2024
1960,Jennifer Anderson,raymadeline@brown.com,41,United States of America,9/11/2023
1197,Elizabeth Thomas,jonathanhansen@yahoo.com,20,Korea,10/24/2023
1180,Pamela Flores,monica82@gmail.com,51,Myanmar,7/1/2022
1810,Regina Schwartz,stephaniewells@stone.com,38,Cook Islands,11/24/2023
1185,Phillip Ortiz,glopez@hall.com,25,United States of America,9/21/2020
1484,Jennifer Evans,,26,Yemen,2/17/2024
1462,Raymond Wilson,kristopherjones@hotmail.com,33,Saint Kitts and Nevis,7/1/2022
1971,Suzanne Ellison,rmartin@gmail.com,35,Congo,8/15/2022
1345,Tracy Roberson,brownnathan@yahoo.com,50,Saint Helena,4/10/2024
1441,Joshua Rodriguez,samanthahoward@gmail.com,18,Belize,8/19/2023
1074,Jacqueline Curtis,bradley78@hotmail.com,43,Cayman Islands,9/20/2022
1711,Nicole Morris,cartermichael@taylor-torres.com,22,Norway,8/10/2021
1273,Brenda Black,reynoldsjames@peterson.com,36,Australia,11/30/2022
1417,Mary Campbell,,41,Iraq,1/4/2021
1665,Angela Bennett,kwalker@gmail.com,30,British Indian ,9/25/2023
1721,Darius Mathis,kathryn47@decker.info,48,Rwanda,3/16/2025
1084,Connie Gordon,pwoods@richardson.com,46,Palestinian Territory,12/17/2021
1984,Randy Graves,longryan@klein-ortiz.com,44,Chad,9/30/2021
1620,Sharon Smith,longthomas@gmail.com,27,Australia,2/24/2021
1262,Renee Stein,torresjared@gmail.com,44,Pitcairn Islands,3/14/2024
1925,Leonard Smith,,29,Mexico,10/26/2021
1965,Norman Bauer,troy14@haynes-clark.com,45,Argentina,1/11/2023
1797,Richard Perez,iphillips@whitney.org,37,Russian Federation,11/19/2024
1142,Danielle Jackson,jeanne85@hotmail.com,32,Burkina Faso,5/19/2023
1550,Andrea Hughes,omiller@gmail.com,57,Sierra Leone,6/20/2020
1451,Stephanie Ford,wpatel@austin.com,23,Dominica,1/31/2022
1209,Dennis Rubio,robinmarsh@robertson.com,18,Mauritius,5/11/2021
1310,Rachael Wade,,35,Japan,6/23/2024
1440,Samantha Carr,nbaxter@thomas.com,49,Bosnia and Herzegovina,11/8/2024
1731,Mary Taylor,mooremario@hart.com,44,Namibia,10/4/2020
1355,Jerry Smith,harrisjeffrey@richardson.com,26,United States of America,6/27/2020
1576,Cory Dominguez,billycarroll@gmail.com,47,Turkmenistan,6/9/2021
1179,Nicholas Moses,sharon60@gmail.com,50,Cayman Islands,
1886,Nicole Ballard,cpatel@sanchez.com,58,Dominica,12/3/2024
1568,James Poole,fordjonathan@burgess.com,46,Jordan,11/2/2021
1134,David Chandler,phillip18@gmail.com,22,Ecuador,5/10/2024
1001,Christine Fuller,muellerwhitney@little-prince.com,53,Comoros,1/9/2024
1235,Ashley Rodriguez,kthompson@kennedy.com,20,Luxembourg,
1860,Ronald Smith,xhall@jones.biz,44,Togo,10/6/2024
1109,Virginia Turner,john67@howard-grant.com,27,Guam,10/22/2024
1160,Kelly Brown MD,sarah17@white-velasquez.com,24,Saint Martin,2/21/2022
1667,Marc Ortiz,thompsonkevin@gmail.com,29,Nepal,12/3/2024
1718,Valerie Robinson,smoore@patton-fernandez.net,39,Bosnia and Herzegovina,5/13/2020
1995,Mark Davis,rebeccacastillo@walker.com,18,Monaco,12/26/2020
1929,Randy Miller,roberttodd@reyes.com,40,Bhutan,2/28/2025
1205,Victoria Thompson,oliviawalker@campbell.com,53,Azerbaijan,6/22/2022
1460,Matthew Kramer,jenniferrobinson@waters.com,24,Cameroon,5/8/2024
1971,Suzanne Ellison,rmartin@gmail.com,35,Congo,8/15/2022
1172,Lauren Coleman,,23,Cambodia,7/1/2022
1128,Dawn Chandler,qatkins@hotmail.com,85,Afghanistan,7/24/2022
1814,Margaret Bowman,joannasmith@hotmail.com,21,Rwanda,1/5/2023
1794,Kelly Hernandez,zsmith@yahoo.com,44,Bolivia,3/16/2024
1231,Julie Ortega,danielbyrd@yahoo.com,36,Mayotte,3/12/2021
1837,James Adams,kevindelacruz@yahoo.com,42,Ethiopia,11/7/2022
1169,David Wilson,jortiz@moss.org,44,Switzerland,5/30/2024
1950,Jean Crawford,laurapatrick@gomez.org,59,Malta,11/12/2021
1940,Jose Peterson,reillyjack@hotmail.com,26,American Samoa,8/3/2024
1739,Anthony Lewis,joanna75@marquez-castro.com,48,Central African Republic,11/28/2022
1398,Brandon Williamson,uobrien@gonzalez.biz,40,Georgia,5/20/2023
1615,Anthony Carroll,rnelson@mann.com,97,Libyan Arab Jamahiriya,1/30/2022
1077,Jonathan George,vhartman@hotmail.com,23,Iceland,7/6/2024
1756,Jimmy Davis,mccalldonald@fisher-clements.com,35,Papua New Guinea,5/24/2021
1748,Johnny Harrison,stephen98@brewer.org,44,Greenland,3/27/2023
1236,Jeffrey Young,mstewart@gmail.com,50,Saint Pierre and Miquelon,5/11/2024
1702,Cheryl Ray,hamiltonsteven@hotmail.com,50,Albania,4/2/2025
1859,Rodney Smith,tyler61@yahoo.com,48,Switzerland,4/29/2024
1733,Brandon Franco,mcgeecaleb@spears.biz,28,Jordan,11/3/2022
1606,Daniel Larsen,ballsarah@yahoo.com,19,Nicaragua,1/2/2023
1788,Jenna Rodriguez,fhayes@yahoo.com,38,Chile,4/15/2025
1988,Justin Lee,,50,Antarctica (the territory South of 60 deg S),1/6/2024
1175,Bruce Kemp,danielle44@moore-lane.com,27,Guinea-Bissau,12/21/2024
1006,Mr. Aaron Mcclain,,21,Tonga,5/8/2023
1374,David Carpenter,gpittman@cline.org,22,Burkina Faso,6/13/2020
1427,Erik Davis,edwardstodd@taylor-duncan.com,32,Burkina Faso,6/6/2021
1894,Maureen Yates,schmittjenny@hotmail.com,31,Jersey,3/30/2024
1524,John Cooper,caseygina@hamilton.com,29,Mali,2/9/2021
1436,Rodney Figueroa,mbrown@williams-holmes.net,55,Germany,12/17/2020
1407,Shelby Jones,zsmith@gmail.com,29,Ghana,4/7/2025
1152,William Johnson,gardnermelanie@gonzalez.com,48,Germany,10/4/2020
1906,Derrick Mccullough,paynejessica@richards-horne.com,48,Mexico,12/2/2023
1881,Todd Burns,rebeccaroberts@hotmail.com,40,Qatar,5/17/2023
1710,Pamela Pena,melissa41@hotmail.com,60,American Samoa,6/9/2021
1787,Henry Shah,priscillapatton@ellis-brown.com,47,Norway,11/4/2024
1240,Tiffany Hendricks,peterhill@velazquez.org,41,Serbia,1/21/2022
1968,Thomas Bradley,tharrison@hawkins.net,35,Eritrea,11/1/2024
1062,Mary Galloway,greentodd@hotmail.com,13,French Guiana,4/24/2022
1806,Melanie Obrien,christophertucker@glenn-grimes.com,19,Saint Kitts and Nevis,6/16/2021
1726,Krista Fuller,michelle25@yahoo.com,52,Georgia,6/27/2021
1789,Ethan Martin,scott64@howard-brown.info,36,Dominica,10/6/2024
1801,Lisa Caldwell,downshannah@hull.biz,35,Croatia,12/26/2022
1593,Virginia Hall,qanderson@hotmail.com,38,Kazakhstan,3/30/2025
1572,Debbie Church,kjimenez@edwards-oconnell.com,31,Mali,9/13/2020
1291,Lisa Weber,tthomas@duncan.net,18,Cayman Islands,12/6/2022
1022,Kevin Holmes,dustinshepherd@davila.com,36,Mayotte,9/29/2024
1330,John Harris,,57,Singapore,
1104,Kayla Peters,calderonjoseph@hotmail.com,33,Ecuador,2/24/2025
1188,Bob Young,carl57@gmail.com,29,Saint Kitts and Nevis,6/2/2024
1795,Michael Gutierrez,johnny50@yahoo.com,59,Montserrat,1/26/2024
1856,Zachary Sharp,pgarza@vasquez.net,59,Australia,9/4/2020
1258,Kelly Hubbard,ksilva@george-ross.com,26,Iraq,11/27/2021
1227,Tony Hogan,graybobby@moore-daniel.org,20,Peru,1/25/2024
1107,Karen Lee,jameswilliams@cole-williamson.net,136,Faroe Islands,8/24/2024
1770,Martha Henderson,karen77@yahoo.com,56,American Samoa,9/3/2024
1543,Megan Le MD,christinemurray@gmail.com,55,Saint Lucia,8/24/2024
1737,Joshua Moss,samantha89@johnson.com,50,Thailand,4/13/2023
1521,Jeremy Mcconnell,wmoses@gmail.com,30,Myanmar,8/3/2020
1080,Kelly Clay,nataliehernandez@gmail.com,26,Botswana,12/7/2023
1986,Thomas Holland,wbrown@hotmail.com,107,Cyprus,1/11/2024
1078,Patrick Holden,jodypaul@hotmail.com,43,Lebanon,11/28/2023
1388,Keith Lewis,smithalex@holmes.com,27,Myanmar,8/19/2020
1030,Susan Hill,mkelly@gmail.com,34,Congo,10/23/2024
1010,Brenda Barrett,frank06@gmail.com,37,Slovenia,1/7/2021
1708,Shawn Wallace,,39,Sierra Leone,6/8/2022
1311,Maria Morales,savannahriley@davis-brown.net,59,Burkina Faso,
1327,Richard Fernandez,,19,Cyprus,2/16/2023
1157,Luke Brooks,robert40@hotmail.com,40,Spain,4/22/2025
1525,Stanley Adams,xbeard@edwards.org,23,Mayotte,2/12/2023
1810,Regina Schwartz,stephaniewells@stone.com,38,Cook Islands,11/24/2023
1257,Kevin Beard,johnsonnatasha@taylor-richardson.com,39,Kiribati,
1510,Gerald Hines,mreeves@hotmail.com,21,Syrian Arab Republic,6/25/2020
1536,Christopher Stephens,courtney55@arnold.com,53,Sri Lanka,1/4/2024
1004,Thomas Barber,suarezjohnny@gmail.com,25,Cyprus,5/26/2024
1575,James Odom,flee@hotmail.com,56,Vanuatu,1/21/2022
1198,Stephanie Brown DDS,nford@gmail.com,37,Oman,9/8/2023
1116,Johnny Winters,mortonmelissa@gmail.com,31,Iraq,12/14/2022
1279,Angela Frederick DDS,wsmith@phillips.com,45,Barbados,3/6/2022
1204,Heather Collins,tyrone34@perez-wheeler.biz,19,Finland,11/5/2024
1985,Craig Smith,kimberly01@hotmail.com,58,Iraq,1/31/2021
1174,William Ford,jennifermosley@keller.com,40,Bahamas,
1976,Ryan Garcia,sarahperry@harrison.com,30,Mayotte,8/23/2020
1952,Virginia Hopkins MD,williamsthomas@gmail.com,19,Indonesia,3/30/2021
1202,Richard Williams,sharon54@yahoo.com,32,Hong Kong,11/11/2024
1552,Linda Brown,cesar02@yahoo.com,41,Brazil,12/6/2024
1990,Catherine Glass,emilythompson@johnson.com,31,Central African Republic,10/20/2021
1119,Robert Williams,lori58@steele.info,60,Malta,2/10/2024
1177,Mr. Victor Ellison Jr.,johnchen@pena.info,55,Ukraine,9/15/2023
1275,Mallory Rush,kayla62@yahoo.com,37,Pitcairn Islands,6/18/2022
1409,Thomas Zimmerman,jacevedo@morris.com,23,Uruguay,3/8/2023
1013,Karen Anderson,robertcarter@conner-wallace.org,58,Cook Islands,8/2/2022
1248,Meghan Heath,megan93@macdonald.org,18,Gibraltar,8/20/2021
1979,David Hall,emilybaker@brown-harris.com,24,Turkmenistan,
1376,Denise Mann,hwood@arroyo.com,21,Guatemala,
1641,Michelle Leach,ykelly@yahoo.com,30,Congo,10/1/2024
1558,Tanya Clark,matthewchoi@gmail.com,46,Cuba,5/18/2020
1438,Jeremy Smith,jboyle@yahoo.com,22,Honduras,8/23/2024
1117,Robin Mitchell,sabrinacooper@solis.com,100,Vanuatu,11/1/2023
1921,Sarah Mcpherson,bdonovan@chapman-flores.com,53,Cuba,1/9/2023
1917,Terry Fleming,,28,Mongolia,8/16/2023
1824,Spencer Smith,jcollins@spears.org,56,Isle of Man,3/27/2024
1129,Melissa Salazar,john55@keller.biz,53,United States Minor Outlying Islands,
1090,Kelly Lopez,josephcross@castillo-mills.info,39,Israel,
1343,Megan Brown,jonesmaria@johnson.com,56,Christmas Island,12/31/2020
1126,Christopher Collins,friedmantaylor@thornton.com,52,Greece,3/7/2023
1363,Erica Moore,jodijones@ford.biz,49,Samoa,1/27/2025
1163,Juan Smith,kevin75@leonard-liu.net,56,Hungary,11/25/2024
1111,Mrs. Shawna Calhoun PhD,derek36@gmail.com,34,Malawi,3/7/2022
1889,Paul Little,russellbryant@reese.com,60,Sao Tome and Principe,1/29/2023
1843,Daniel Franklin,sarahmiller@simpson.info,49,Heard Island and McDonald Islands,9/14/2022
1955,James Johnson,wesley43@gmail.com,30,Eritrea,6/24/2020
1426,Sherri Smith,robert52@yahoo.com,29,Belize,3/30/2023
1669,Natalie Smith,wongashley@king-holland.org,127,Jersey,
1494,Gina Aguilar,gchen@yahoo.com,31,Hungary,2/12/2022
1783,Kathryn Hart,qwilliamson@yahoo.com,55,Equatorial Guinea,3/16/2025
1338,Nicholas Santos,petersongary@morris-vang.com,26,Mauritius,11/9/2022
1727,Brandon Johnson,timothytucker@manning.com,39,Canada,9/24/2024
1540,Julie Archer,mcgeeanna@gmail.com,44,Tonga,5/1/2024
1072,Olivia Washington,imartin@gmail.com,51,Central African Republic,12/27/2022
1002,Jack Mcpherson,amandamartinez@coleman.com,76,Comoros,10/5/2022
1423,Jermaine Mccann,nsheppard@marsh.com,35,Northern Mariana Islands,3/7/2021
1463,Kristen Hancock,heatherlee@gmail.com,33,Uzbekistan,
1414,Jonathon Brooks,brian24@hotmail.com,53,Christmas Island,1/10/2023
1012,Jessica Simon,heidifoley@yahoo.com,54,Russian Federation,8/27/2024
1716,Brian Ramirez,melvin25@yahoo.com,41,Bangladesh,9/15/2022
1793,Mr. Kevin Adkins,christian07@richard.com,50,Georgia,1/29/2023
1738,Breanna Roman,meredithadams@hotmail.com,35,Saint Pierre and Miquelon,8/31/2022
1519,Jonathan Conner,mejiaelizabeth@hotmail.com,31,Mozambique,10/26/2021
1108,Mark Coleman,shannonsmith@hahn-santana.com,23,Portugal,11/22/2022
1399,George Stuart,xmoody@hotmail.com,48,Antarctica (the territory South of 60 deg S),6/30/2020
1809,Michelle Cummings,jamesvelasquez@carpenter.com,42,British Virgin Islands,5/2/2024
1411,Lori Hubbard,ijackson@yahoo.com,54,Tuvalu,4/16/2024
1181,Alexander Daniel,kathrynsimmons@cox-wilson.net,51,Saudi Arabia,11/8/2020
1375,Connie Coleman,brian99@gmail.com,57,Montserrat,8/5/2020
1397,Adam Yang,evansteresa@hall.com,37,Falkland Islands (Malvinas),2/5/2024
1600,Catherine Jones,lisakaufman@montgomery.info,19,Estonia,8/12/2021
1370,Jonathon Jones,sarah71@hotmail.com,51,Samoa,6/28/2020
1452,Edward Johnson,patriciahuff@hotmail.com,22,Australia,9/6/2022
1404,Jennifer Miller,kevin10@weaver-grant.com,34,Congo,9/26/2021
1346,Amy Moore,simpsonshelly@hotmail.com,23,Faroe Islands,1/4/2023
1308,Anna Henderson,allenwilson@mclean.biz,58,Malaysia,1/2/2023
1811,Patrick Owen,joseph93@cooper.net,55,Tanzania,12/24/2024
1304,Joe Perkins,mmartin@graham.com,37,Nauru,8/5/2024
1848,Joyce Wang,,59,Guyana,7/6/2023
1969,Timothy Hill,watkinsmark@lopez-smith.com,18,Antigua and Barbuda,7/2/2022
1042,Helen Mendoza,jason70@gmail.com,60,Tunisia,8/1/2022
1929,Randy Miller,roberttodd@reyes.com,40,Bhutan,2/28/2025
1994,Dillon Turner,tdominguez@sullivan.com,42,Congo,5/15/2021
1677,John Gonzalez,xthomas@gmail.com,50,Saint Kitts and Nevis,4/15/2025
1660,Angela Howard,thomasbell@yahoo.com,57,Uzbekistan,8/3/2020
1633,Brandy Long,barbara73@yahoo.com,18,Croatia,6/25/2022
1829,Brian Carter,sarahcruz@sharp.net,60,Barbados,6/28/2024
1374,David Carpenter,gpittman@cline.org,22,Burkina Faso,6/13/2020
1402,Jordan Green,wevans@mills.com,58,Mexico,3/10/2023
1872,Taylor Torres,amber40@jones.biz,26,Bosnia and Herzegovina,
1294,Tracy Conrad,richard73@gmail.com,25,Eritrea,11/10/2023
1596,Charles Williams,usims@hotmail.com,41,Faroe Islands,12/5/2020
1934,Kathleen Cox,jreynolds@yahoo.com,26,Bermuda,
1595,Sandra Zavala,,35,Saudi Arabia,
1431,Diana Jackson,jessicarogers@tucker.com,28,Thailand,5/3/2023
1639,Larry Burke,sherry15@mason-ross.com,18,Aruba,
1696,Christopher Clarke,ronaldedwards@morris.info,25,Martinique,1/3/2025
1644,Eric Ramsey,mendozaandrea@gmail.com,53,Liechtenstein,6/3/2022
1400,John Hull,,18,Lebanon,7/2/2023
1353,Mary Russell,dianagonzalez@gonzalez.info,18,Montserrat,6/12/2024
1340,Ryan Schmidt,jessica89@hotmail.com,52,Nigeria,4/11/2025
1055,Jessica Moyer,boyerronald@yahoo.com,48,Argentina,12/21/2020
1845,Heather Brown,crystal38@jenkins.com,-10,Ukraine,5/9/2020
1968,Thomas Bradley,tharrison@hawkins.net,35,Eritrea,11/1/2024
1344,Jenna Smith,johnsoncorey@gmail.com,50,Zimbabwe,3/25/2024
1216,Marcus Huerta,eoconnor@gmail.com,19,Niue,11/30/2023
1912,Curtis Jackson,livingstonantonio@hotmail.com,59,French Southern Territories,10/24/2020
1040,Jeffrey Wall,,30,Trinidad and Tobago,3/8/2022
1458,Paul Holmes,jessica02@gmail.com,48,Cook Islands,3/19/2022
1396,Jenny Anderson,dean51@dudley.com,38,Libyan Arab Jamahiriya,1/14/2022
1535,Dennis Kramer,brightkyle@hill-morris.com,44,Turkey,5/14/2022
1780,Morgan Garcia,devon87@hotmail.com,20,Netherlands Antilles,12/12/2021
1439,John Valdez,andrewherrera@mason.com,20,Morocco,6/12/2023
1621,Gabrielle Thompson,rachel87@gmail.com,25,Madagascar,12/29/2021
1763,Cassandra Murphy,henryjessica@gmail.com,31,Sudan,1/4/2022
1178,Kelly Wallace,kingrenee@reyes-mendez.net,58,New Zealand,7/1/2020
1176,Benjamin Paul,klopez@hotmail.com,40,Guyana,7/18/2024
1432,Mary Stewart,,84,Trinidad and Tobago,8/13/2024
1058,Christopher Santiago,allen05@hotmail.com,29,Colombia,11/12/2022
1513,Briana Vincent,kking@moyer.net,74,Cook Islands,9/13/2023
1821,William Schwartz,xnichols@hotmail.com,94,Gabon,1/6/2024
1300,Heather Valentine,danielle97@yahoo.com,20,Saint Vincent and the Grenadines,4/8/2022
1016,Dennis King,,38,Fiji,5/12/2023
1471,Ashley Reynolds,fcarroll@yahoo.com,20,France,1/17/2024
1931,Kenneth Pope,qjames@garza.com,38,China,9/18/2023
1685,Benjamin Jimenez,nbender@brown.com,51,Hungary,6/7/2021
1752,Melinda Lopez,,43,Macao,12/26/2024
1724,Cheryl Solomon,fwatson@hotmail.com,23,Uganda,8/7/2022
1812,Michele Rogers,henrymark@andrews-serrano.com,27,Faroe Islands,3/23/2022
1884,David Sutton,mdixon@rodriguez.com,41,Haiti,5/15/2024
1522,Monica Martinez,franklinraymond@yahoo.com,47,Croatia,9/15/2024
1683,John Sanchez,ohansen@yahoo.com,47,Zimbabwe,6/21/2020
1706,Nicole Davis,robert34@campbell.biz,24,French Guiana,5/24/2023
1578,Jennifer Hinton,zjohnson@dyer.com,35,Rwanda,5/27/2024
1893,James Farley,mosleyaustin@yahoo.com,50,Comoros,12/24/2022
1029,Alicia Christensen,rebeccabeck@jordan-wilkins.org,49,Slovakia (Slovak Republic),5/6/2022
1108,Mark Coleman,shannonsmith@hahn-santana.com,23,Portugal,11/22/2022
1457,Mrs. Jessica Jones MD,melanie69@gmail.com,68,Spain,8/13/2023
1717,Nicholas Hamilton,cooperjustin@hotmail.com,54,Solomon Islands,7/17/2020
1835,Austin Bowman,martinezmatthew@phillips-torres.biz,48,Mauritius,11/12/2020
1945,Amanda Horne,nmalone@rose.com,25,Hungary,10/28/2022
1895,James Jenkins,rickfisher@hotmail.com,59,Honduras,4/8/2023
1749,Megan Duffy,jonesjoseph@ellis-young.info,21,Kiribati,12/3/2021
1203,Robin Butler,uhawkins@hotmail.com,25,Bosnia and Herzegovina,5/8/2024
1444,Craig Lewis,perkinstristan@gmail.com,32,Slovakia (Slovak Republic),3/28/2024
1371,Katherine Harris,brasmussen@case-aguilar.com,30,American Samoa,9/6/2024
1032,Robert Lane,lfrank@rice.net,29,British Virgin Islands,5/11/2021
1707,Wesley Lucas,peterpatrick@floyd.com,37,Swaziland,10/27/2021
1663,Elizabeth Rowe,rushtammy@gmail.com,45,Netherlands Antilles,7/18/2020
1581,Kenneth Gross,brewersheila@gmail.com,53,Chad,8/12/2021
1156,Stephanie Shaffer,jerrygraham@sanchez-rivera.com,45,Comoros,11/29/2023
1961,Dustin Holmes,courtneynelson@gmail.com,51,Taiwan,5/31/2021
1656,Christine Johnston,,37,Australia,8/11/2023
1776,Edward Adams,edward62@rivera-chen.com,26,Jamaica,10/7/2023
1334,Ryan Lewis,gonzalezcrystal@smith-barnett.info,50,Martinique,
1382,Richard Meyer,ogibson@hotmail.com,42,Mauritania,5/21/2022
1598,Haley Duffy,danielsjennifer@gilbert.com,27,Puerto Rico,8/26/2021
1372,Julie Small,wilsontheresa@gmail.com,24,Guadeloupe,9/30/2024
1652,Sharon Porter,,43,Algeria,6/21/2020
1447,Richard Blake,qhanson@miller.info,18,Lesotho,3/14/2022
1617,Michael Beltran,perezcharles@yahoo.com,56,Malaysia,6/2/2021
1476,Dr. Cindy Williams,garciamiranda@lopez.info,130,Afghanistan,4/29/2024
1003,Ms. Brandy Gordon,crystalevans@yahoo.com,48,Turkey,9/28/2020
1490,Julie Kim,panderson@hotmail.com,53,Saint Martin,4/27/2021
1142,Danielle Jackson,jeanne85@hotmail.com,32,Burkina Faso,5/19/2023
1130,Mrs. Erica Harris,,38,Western Sahara,9/14/2024
1429,Rodney Rodriguez,pgraham@glover-santos.com,23,United States Minor Outlying Islands,11/7/2021
1936,Cindy Davis,xchristian@boone.com,22,Pitcairn Islands,11/8/2024
1844,Megan Riley,kochstephanie@williams-hernandez.com,87,British Indian,3/6/2021
1775,Jonathan Ortega,,34,Senegal,2/1/2021
1445,Joseph Chen,gbradshaw@hotmail.com,29,Eritrea,2/14/2021
1342,Gloria Phillips,taylorpatton@gray-hall.biz,24,Israel,3/24/2022
1899,Crystal Mcknight,joshuadiaz@yahoo.com,52,Argentina,5/5/2022
1041,Elizabeth Ho,armstrongwesley@gutierrez.com,59,Falkland Islands (Malvinas),8/18/2022
1321,Elizabeth Collins,sullivanjeffery@taylor.info,56,Vanuatu,8/27/2024
1222,Jason Page,etorres@randolph.net,29,Timor-Leste,9/19/2020
1328,Dawn Thomas,fchapman@yahoo.com,106,Cuba,12/9/2020
1573,Micheal Key,,59,Antigua and Barbuda,4/1/2024
1545,Deborah Collins,saratorres@yahoo.com,32,Sri Lanka,11/15/2023
1113,Samantha Montgomery,mendezjulie@hotmail.com,47,Kenya,9/29/2024
1048,Kenneth Harper,rickyperez@chavez.com,36,Greece,11/11/2022
1289,David Fernandez MD,melissacarrillo@gmail.com,22,Belize,6/1/2022
1076,Megan Torres,,46,Turkey,2/16/2023
1206,Dr. Sophia Simmons,jefferyzimmerman@gmail.com,48,Lesotho,10/28/2022
1694,Brenda Brandt,tiffanycooke@thompson-barton.net,49,Panama,2/5/2021
1511,Joshua Nelson,lmoore@gmail.com,33,Italy,8/26/2021
1935,Christian Mcfarland,pblair@gmail.com,25,Belarus,10/8/2023
1285,Amanda Scott,,47,Croatia,4/28/2021
1802,Anna Sanders,,52,Libyan Arab Jamahiriya,1/11/2024
1386,Hayden Fry,ewilliams@hotmail.com,41,Paraguay,10/31/2024
1225,Jesse Smith,garcialaura@johnson.com,39,Hungary,1/5/2025
1818,Steve James,sydney80@gmail.com,55,Cameroon,6/5/2021
1120,Lauren Clark,,4,Denmark,12/28/2020
1263,Rebekah Delgado,nancymiller@hotmail.com,39,Lithuania,4/27/2022
1546,Gregory Adams,erinjones@soto.biz,39,South Africa,12/22/2023
1515,Eddie Mitchell,acastaneda@thompson-mcgee.com,31,Bulgaria,9/4/2023
1387,Diamond Bailey,thenry@johnson-jackson.net,43,Syrian Arab Republic,12/10/2023
1777,Kenneth Hart,nancy33@soto-blanchard.com,30,Cape Verde,12/21/2021
1221,Julia Hill,atkinskimberly@rose-carey.com,48,Samoa,1/28/2022
1628,Stephen Lopez,lesliealexander@yahoo.com,43,Burundi,12/13/2022
1268,Tyler Castillo,stewartjasmine@hotmail.com,39,Papua New Guinea,3/9/2024
1171,Carl Mcbride,pam78@hotmail.com,26,Hong Kong,8/5/2023
1932,Allison Williams,hannah34@gmail.com,46,Niger,12/11/2024
1826,Lauren Powell,emilyclark@hughes.com,48,Cocos (Keeling) Islands,12/23/2022
1734,Robert Osborne,taylorobrien@johnson-horn.net,31,Antarctica ,3/26/2024
1580,Courtney Mullins,,32,Cyprus,2/8/2021
1757,Charles Matthews,jeffreywright@gmail.com,54,British Indian ,2/19/2021
1995,Mark Davis,rebeccacastillo@walker.com,18,Monaco,12/26/2020
1584,Kayla Hawkins,susanwilson@patterson.com,45,San Marino,5/25/2024
1949,Lisa Campbell,,21,Niue,4/10/2022
1123,Cynthia Gates,maurice91@davis.com,33,Cook Islands,6/28/2024
1161,Wayne Yates,michellerice@hotmail.com,29,Saint Martin,8/17/2023
1847,Michael Rogers,howardmolly@gmail.com,46,Niger,9/24/2020
1692,Chad Wilson,yford@gmail.com,34,Tajikistan,3/8/2024
1325,Peggy Gray,sherrybarry@brown.net,58,Greenland,10/3/2023
1944,Kelly Davis,crystal19@yahoo.com,18,India,10/14/2022
1600,Catherine Jones,lisakaufman@montgomery.info,19,Estonia,8/12/2021
1139,Daniel Black,churchtina@nguyen-chang.com,48,Greenland,6/14/2022
1589,Tammy Beck,robertoharper@yahoo.com,59,French Polynesia,4/23/2021
1352,Krystal Mcintyre,tanderson@hughes.info,45,Romania,5/17/2022
1165,Ryan Jensen,hwilson@garcia.com,29,Palestinian Territory,
1214,Tyler Moore,lisa56@yahoo.com,36,Tonga,8/11/2023
1659,Renee Douglas,scottdaniel@gmail.com,31,Switzerland,
1297,Matthew Hess,,38,Lesotho,11/26/2023
1394,Bonnie Black,ganderson@hunt.net,33,Niue,9/18/2021
1131,Brian Nguyen,matthew87@jones.com,19,Honduras,3/1/2022
1314,Laura Robinson,johnsonmark@yahoo.com,36,Macedonia,3/11/2023
1981,Clinton Henry,justin29@yahoo.com,43,Qatar,5/27/2023
1786,Christine Myers,nwiggins@wolf.net,52,Saint Pierre and Miquelon,8/28/2020
1416,Julie Martin,lunajessica@yahoo.com,34,Christmas Island,5/13/2021
1704,Paul Eaton,phillipsgrace@fields.org,31,Timor-Leste,3/27/2024
1038,Sharon Ward,veronicaelliott@ferrell.biz,41,Dominica,12/27/2023
1249,Jonathan Morris,mwebb@yahoo.com,25,Maldives,3/10/2022
1658,Karen Lam,sandrajones@reid-wells.info,46,Panama,12/17/2024
1053,Christina Adkins,bryanosborn@gmail.com,51,Nauru,3/13/2021
1136,Jacqueline Thompson,jimmylevine@gmail.com,51,Estonia,3/26/2022
1815,Christopher May,jessica57@gmail.com,21,Reunion,
1719,Michael Warner,leahmiller@yahoo.com,22,Austria,5/8/2020
1035,Mary Mendoza,lbailey@yahoo.com,21,Bahrain,7/12/2022
1368,James Byrd,dylan96@hotmail.com,29,Papua New Guinea,6/12/2023
1378,Alan Blackburn,foxsarah@crosby-young.com,29,Georgia,1/27/2024
1927,Timothy Smith,kimgarrett@yahoo.com,24,Swaziland,3/31/2022
1608,Maria Nichols,kimholmes@lucas.org,46,Benin,11/23/2022
1571,Melissa Johnston,qliu@gmail.com,22,Zambia,4/8/2024
1052,Carlos Smith,omorgan@hotmail.com,39,American Samoa,8/1/2022
1377,Anna Pearson,bradyjonathan@yahoo.com,49,Malawi,4/24/2021
1778,Michael Roberts,sheila04@hotmail.com,49,Jamaica,10/13/2024
1646,Steven King,wangeddie@barry.net,42,British Virgin Islands,
1302,Gabriela Nelson,nduran@collins.biz,38,French Polynesia,3/4/2021
1246,David Ross,jeffery24@zhang.net,24,Tuvalu,3/3/2021
1446,Erik Hines,hollywilkins@hoffman.info,46,Eritrea,10/28/2022
1425,Tony Ramos,tammylloyd@velez-garcia.com,49,Guam,12/31/2020
1941,Cassandra Brooks,lopezthomas@hardin-bates.net,30,Saint Pierre and Miquelon,6/20/2024
1028,Jose Rodriguez,karen94@hotmail.com,44,Yemen,2/15/2021
1666,Susan Sanchez,,26,Norfolk Island,2/4/2024
1695,Dr. Jenna Munoz,kylebullock@gmail.com,25,Solomon Islands,4/17/2024
1244,Erica Santos,lewisdavid@yahoo.com,21,Austria,7/12/2022
1103,Nathan Ward,michelle03@pearson.biz,60,Lithuania,11/22/2024
1276,Maria Reyes,alyssa68@parsons.com,33,Sudan,4/3/2024
1393,Lauren Hunt,chill@peters.com,42,Tunisia,9/2/2021
1110,Deanna Crawford,jennifer03@hernandez.com,45,San Marino,7/16/2021
1159,Wesley Santiago,riveragerald@gmail.com,54,Svalbard & Jan Mayen Islands,6/24/2023
1112,Dr. Adam Hayes,ptaylor@smith-herrera.com,44,Monaco,5/26/2020
1916,Amanda Johnston,raylisa@knight-patel.com,47,Indonesia,11/18/2020
1691,Diane Rogers,,43,Armenia,
1329,Albert Johnson,daybrandy@grant-daniels.com,32,Faroe Islands,7/12/2023
1262,Renee Stein,torresjared@gmail.com,44,Pitcairn Islands,3/14/2024
1825,Brian Mann,kathleen31@hotmail.com,34,Guyana,4/4/2025
1701,David Martin,erinmorales@hotmail.com,44,Poland,8/14/2024
1167,Jennifer Browning,daniel73@ponce-kelly.com,43,Philippines,8/29/2022
1902,David Russell,ryananthony@gmail.com,47,Moldova,1/18/2021
1154,Casey Floyd,christopher52@beasley.com,26,Romania,2/15/2022
1496,Thomas Johnson,,18,San Marino,1/14/2025
1024,Brittney Serrano,morasusan@cook-garcia.com,35,Somalia,9/15/2023
1923,Christian Miller,joseph29@hotmail.com,39,Wallis and Futuna,12/11/2024
1443,Casey White,jason67@fernandez-hall.com,19,Nepal,6/27/2024
1150,Bill Rodriguez,knoxamanda@yahoo.com,52,Central African Republic,3/6/2021
1553,George Brooks,michaelsmith@gmail.com,48,Costa Rica,7/15/2023
1094,James Hatfield,shannonramirez@yahoo.com,19,Israel,6/27/2020
1217,Richard Gonzalez,amy19@carr.com,57,Papua New Guinea,4/25/2021
1381,Casey Cunningham,bkramer@yahoo.com,56,Maldives,9/20/2022
1023,Karen Ortiz,lewisdaniel@hotmail.com,55,Macedonia,7/11/2022
1292,Nicolas Goodwin,jeffreyrussell@hughes-huang.com,35,Moldova,5/27/2020
1173,Chelsea Johnson MD,dunnscott@murray.com,37,Cyprus,4/9/2025
1100,Michael Gallagher,michael02@oliver-carpenter.com,60,Hong Kong,5/9/2020
1025,Dennis Doyle,ishaw@hotmail.com,35,French Polynesia,5/11/2021
1813,Wendy Foster,jamescarter@friedman.com,50,Grenada,1/15/2024
1967,David Gomez,jessica85@yahoo.com,27,Turkey,5/19/2020
1489,Anthony Boyd DDS,brenda17@mendoza.org,35,Mozambique,12/10/2023
1629,Brittany Davis,hwalsh@davidson-french.info,48,Brunei Darussalam,4/15/2022
1354,Stacey Cook,daniel07@yahoo.com,33,Peru,10/2/2023
1690,Michelle Rivera,floresjames@mcdaniel-mercado.com,34,Iran,2/18/2023
1983,David Morales,matthew17@perez.com,48,Gambia,9/8/2023
1242,Benjamin Guerra,xfrancis@gmail.com,59,Kenya,5/6/2021
1168,Lee Schneider,,25,Jamaica,2/28/2022
1073,Jennifer Hoffman,stephanie75@gmail.com,27,Solomon Islands,12/7/2023
1559,Amanda Erickson,nicholas60@williams.com,28,Peru,10/20/2023
1647,Eric Parks,prattgabrielle@lee-hodge.info,29,Greece,2/14/2024
1118,Eric Duran,qarellano@patton-jordan.com,37,United States Minor Outlying Islands,5/30/2023
1114,John Frank,ybradley@yahoo.com,46,Ukraine,9/3/2024
1520,Kelly Riggs,jacobzimmerman@flynn.com,54,Zambia,12/9/2020
1005,Robert Johnson,jessica39@evans.com,45,Belize,1/16/2022
1475,Misty Gray,deleonsharon@hotmail.com,34,Samoa,10/21/2024
1882,Philip Rivera,rlawson@lawrence.com,31,Cyprus,6/16/2021
1910,Dawn Walsh,gibsoncarrie@chase.com,36,Nicaragua,7/31/2023
1069,Jared Smith,katherine45@gmail.com,21,French Polynesia,6/5/2021
1014,Emily Sweeney,callison@weiss-mercer.net,40,Yemen,4/28/2023
1577,George Cole,millerzachary@hotmail.com,38,Cook Islands,11/25/2022
1662,Meghan Martinez,andres80@perkins.com,19,Brazil,10/8/2021
1369,Michael Mason,longjesse@fowler.net,28,Guinea,2/22/2024
1078,Patrick Holden,jodypaul@hotmail.com,43,Lebanon,11/28/2023
1479,Michelle Sanchez,biancaclark@reilly.com,56,Australia,10/13/2023
1779,John Coffey,hamptoncarla@yahoo.com,27,Kuwait,12/20/2023
1891,Lisa Payne,andrew81@hotmail.com,53,Congo,10/9/2023
1054,Michael Fisher,andersonkevin@hotmail.com,33,Mauritius,
1467,Mr. Roy Brown,dholland@woodward-jones.com,41,Gibraltar,1/29/2024
1266,Austin Walker,mrobinson@quinn.com,21,Indonesia,10/14/2023
1846,Daniel Pitts,kevinanderson@yahoo.com,53,Mauritania,2/8/2025
1799,Sean Nichols,cody36@barr.org,21,Poland,10/1/2024
1514,Ryan Bishop,vnovak@gmail.com,55,British Virgin Islands,8/31/2023
1537,Brandon Brown,andrea13@gmail.com,34,Kazakhstan,
1939,Samuel Bell,johnathan35@gmail.com,32,Svalbard & Jan Mayen Islands,9/26/2024
1503,Michael Sherman,seanlarsen@gmail.com,25,Congo,8/10/2020
1977,Rachel Ramirez,samuel30@yahoo.com,24,Mongolia,5/4/2022
1166,Deborah Miller,frankmanning@hawkins-mendez.com,55,United States Virgin Islands,3/20/2024
1740,Jamie Baker,bennettashley@yahoo.com,45,Reunion,
1331,Jacob Solis,,31,Kenya,11/6/2021
1773,Kelsey Cisneros,starkpaul@moore-brock.biz,44,Malawi,7/10/2022
1247,Margaret Rhodes,melinda11@phillips-ochoa.info,20,Luxembourg,1/17/2023
1373,Mrs. Brittany Ball,morgan57@gmail.com,118,Saint Kitts and Nevis,5/9/2023
1982,Jennifer Bishop,lauren53@wilson.com,40,Namibia,
1472,Caleb Macdonald,roy73@yahoo.com,55,Russian Federation,9/28/2024
1499,Kimberly Bell,carrie67@barker-warren.com,37,Malawi,5/2/2024
1682,Nicholas Lawrence,taylormanning@wallace-cooper.com,25,Gabon,9/3/2020
1871,Caitlyn Wood,cwoods@hopkins.com,42,Jersey,10/29/2021
1636,Matthew Caldwell,abigail35@hotmail.com,53,Croatia,10/31/2023
1616,Phyllis Lee,,50,Aruba,10/4/2024
1563,Ronald Boyd,xedwards@hotmail.com,107,Vietnam,9/26/2020
1866,Casey Sharp,baileykerri@hotmail.com,55,Barbados,2/23/2021
1307,Peter Nixon,kristinasanchez@gallegos-dillon.net,56,Turkmenistan,4/13/2021
1854,Stacey Johnson,jonescarolyn@jenkins.com,34,Nauru,6/13/2022
1643,Gregory Taylor,draymond@gonzalez.com,21,Bahrain,5/25/2020
1566,Mary Vaughan,casey56@harrison-andrews.com,41,Vanuatu,5/25/2020
1501,Casey Sanchez,hannahsanchez@baker.com,35,Korea,
1954,Sara Moore,,58,Armenia,4/27/2022
1234,Kevin Murphy,woodbrittany@hotmail.com,37,Bouvet Island (Bouvetoya),3/4/2022
1626,Tiffany Mckay,antonio74@hotmail.com,53,Iceland,2/21/2024
1771,Alisha Payne,pgriffith@small.net,44,Puerto Rico,9/11/2020
1430,Ann Walker,gkennedy@dorsey-collins.com,50,Lebanon,8/25/2023
1673,Andrea Graham,lopezann@roberts.com,60,Pitcairn Islands,11/6/2021
1191,Eric Patterson,mgonzalez@patrick.com,89,Azerbaijan,2/12/2023
1151,Mrs. Shelby Mcpherson,jimmy94@hotmail.com,41,Nigeria,11/22/2021
1435,Mrs. Melissa Black MD,,38,Comoros,3/17/2024
1256,Eugene Baker PhD,jtorres@gmail.com,48,Netherlands Antilles,12/18/2023
1926,Mary Chavez,hjackson@harper.com,37,Greenland,11/24/2021
1715,George Davis,,54,Yemen,5/25/2023
1836,Lauren Douglas,leachamy@bender-walter.info,56,Namibia,8/3/2022
1541,William Mayer,ryansamuel@williams-taylor.biz,39,Marshall Islands,
1638,Thomas Wong,rbauer@wagner.org,37,Norway,3/26/2022
1569,Traci Bernard,jbishop@garcia-nelson.com,32,Sierra Leone,1/14/2024
1582,Mr. Christopher Richmond Jr.,jason99@yahoo.com,29,Timor-Leste,4/12/2025
1383,Crystal Moreno,aburke@dorsey.biz,28,Ecuador,1/31/2022
1145,Thomas Griffith,,26,Uganda,3/6/2025
1865,Autumn Woodward,schultzwilliam@norton-mason.biz,25,Turks and Caicos Islands,6/3/2024
1953,Kristine Brown,thomassarah@yahoo.com,56,Bangladesh,12/23/2024
1533,Jacob Cooper,jennifer25@taylor.info,45,Svalbard & Jan Mayen Islands,6/22/2021
1215,Lisa Smith,alicia38@hotmail.com,58,Kenya,12/12/2022
1819,Caroline Thompson,michael26@mccann.com,23,Finland,12/26/2023
1970,Anthony Rogers,carla33@pittman.com,40,Sao Tome and Principe,4/24/2024
1712,Kevin Lee,bharvey@smith.net,23,Finland,7/11/2021
1196,James Howard,heather28@gmail.com,48,Spain,8/12/2023
1909,Michele Byrd,hharris@morris-phillips.biz,45,Tanzania,11/24/2022
1495,Melissa Ross MD,melendezedwin@yahoo.com,27,Bermuda,5/19/2024
1591,Maria Patel,john47@mullins.com,96,South Africa,12/11/2022
1017,Christina Melendez,richardharold@clay.biz,21,Sierra Leone,4/22/2023
1834,Ryan Charles,hevans@gmail.com,49,Falkland Islands (Malvinas),7/8/2023
1027,David Frederick,joshua85@johnson.info,60,Libyan Arab Jamahiriya,9/5/2020
1277,John Rodriguez,morgansexton@jones.com,48,Guadeloupe,1/29/2025
1631,Cheryl Hardy,tyroneguerra@gmail.com,57,Croatia,5/6/2021
1395,Anthony Davis,xmeyer@warren-hernandez.biz,28,Congo,5/26/2022
1228,Dennis Hill,robert98@gmail.com,53,Vietnam,2/7/2024
1320,Danny Perez,jcarter@gmail.com,48,Uruguay,2/27/2023
1681,Kimberly Johnson,baileydalton@alvarez.com,46,Guam,11/6/2022
1147,Jose Love,norrischristopher@gmail.com,20,Brazil,8/29/2024
1792,Nicholas Johnson,christinarobinson@torres.com,23,Antigua and Barbuda,2/7/2021
1472,Caleb Macdonald,roy73@yahoo.com,55,Russian Federation,9/28/2024
1494,Gina Aguilar,gchen@yahoo.com,31,Hungary,2/12/2022
1598,Haley Duffy,danielsjennifer@gilbert.com,27,Puerto Rico,8/26/2021
1449,Casey Lee,timothygray@monroe-torres.com,37,Monaco,1/8/2023
1765,Dale Stewart,eking@hotmail.com,44,Tuvalu,1/5/2025
1106,Dr. Ryan Mayer,,50,Guyana,
1350,Yvette Allison,,43,El Salvador,4/30/2020
1523,Ethan King,catherine49@hotmail.com,18,Saint Vincent and the Grenadines,2/27/2024
1650,Katherine Lopez,longzachary@newman.com,54,Greenland,8/18/2024
1389,Brett Martinez,dayjohn@yahoo.com,48,Timor-Leste,2/16/2023
1448,Mr. Jason George,bryangriffin@shah.biz,56,Bangladesh,12/21/2022
1093,Denise Byrd,mwest@hotmail.com,36,Djibouti,4/26/2020
1259,Allison Smith,carol14@hotmail.com,47,Greenland,5/27/2023
1554,Pamela Burch,rachel98@evans.org,33,Saint Helena,2/13/2024
1675,Michelle Hill,tony61@acevedo.org,42,Northern Mariana Islands,6/9/2022
1956,Michelle Mitchell,perrytodd@henderson-haley.com,26,Djibouti,
1170,Angel Hill,marvinrobinson@haas-valentine.com,58,Central African Republic,12/26/2022
1254,Sean Rivera,samanthaallen@marsh.org,26,Haiti,6/7/2020
1602,Dalton Taylor,vsmall@pratt-khan.com,20,Mongolia,1/7/2023
1252,Bailey Hogan,sotojennifer@hotmail.com,40,Djibouti,3/25/2021
1306,Patrick Rios,richardnichols@hotmail.com,38,Croatia,1/21/2021
1547,Mark Robinson,,53,Ghana,12/22/2024
1857,Donald Oliver,turnermary@medina-garcia.info,51,Eritrea,12/31/2023
1433,Curtis Thompson,jessica18@yahoo.com,28,Peru,1/26/2025
1428,Edward Moyer,cmontes@johnston.net,45,Thailand,1/1/2024
1186,Christine Shaw,ayalaclayton@jones-cisneros.com,21,Northern Mariana Islands,5/30/2022
1269,Jeremy Morgan,hammondtiffany@yahoo.com,29,France,4/23/2022
1699,Jason Mitchell,karenstewart@zamora-dudley.com,41,Montenegro,10/16/2022
1630,Angela Ruiz,robert07@yahoo.com,38,Algeria,5/7/2022
1162,Barbara Graham,tclark@yahoo.com,18,Japan,7/14/2024
1413,Nicholas Dyer,bushjessica@gmail.com,21,Dominican Republic,3/17/2025
1832,Pamela Lucas,elizabethlopez@gmail.com,34,Cote d'Ivoire,6/8/2022
1907,Heather Frederick,richard77@gmail.com,33,Egypt,3/20/2023
1098,Courtney Smith,millerbrittany@yahoo.com,60,Cayman Islands,11/2/2024
1006,Mr. Aaron Mcclain,,21,Tonga,5/8/2023
1862,Mark Simmons,carmen38@richardson.com,38,British Virgin Islands,
1686,Daniel Davis,,43,Kiribati,9/4/2024
1957,Jasmine Tate,pcook@yahoo.com,49,Turkey,
1611,Cathy Sanchez,patricia30@franco-hunter.com,39,Vanuatu,9/15/2020
1229,Ariel Green,johnnyquinn@hotmail.com,51,Singapore,1/20/2022
1264,Stephen Kaiser,whitneydunlap@yahoo.com,52,Barbados,2/13/2022
1368,James Byrd,dylan96@hotmail.com,29,Papua New Guinea,6/12/2023
1883,Carolyn Wright,pattonzoe@pope.com,25,French Guiana,5/7/2020
1928,Alexander Smith,elizabeth21@yahoo.com,50,Croatia,9/6/2023
1911,Destiny Morgan,whitemargaret@yahoo.com,40,Turks and Caicos Islands,3/7/2023
1729,Michael Young,,18,Ireland,1/7/2023
1966,Steve Miller,kingbrittany@duncan.com,51,Nigeria,10/12/2024
1403,Robert George,danahines@gmail.com,47,Chile,3/26/2025
1744,Carol Miller,mcox@williams.info,53,Aruba,3/14/2025
1610,Frank Mccarty,kennedythomas@murillo-sandoval.com,43,Zambia,3/22/2021
1189,Michael Patterson,tjimenez@peterson.com,46,Guinea,2/1/2023
1332,Eugene Hall,vdavis@yahoo.com,54,Panama,2/14/2024
1303,Michael Delgado,lopezpaul@yahoo.com,41,Jersey,9/20/2023
1260,Tracey Parker,heather80@yahoo.com,59,New Zealand,7/9/2021
1144,Kevin Tucker,ymason@gordon.com,21,Russian Federation,12/6/2022
1627,Jessica Charles,jcortez@rivas.com,46,Afghanistan,10/22/2021
1698,Kelly Brown,,23,Morocco,7/18/2020
1283,Susan Watkins,pdonaldson@sloan.com,48,Cameroon,10/21/2022
1919,Kristen Williams,collinsstephanie@thomas.com,32,United Arab Emirates,7/6/2022
1011,Anthony Webb,cainalex@hotmail.com,26,Puerto Rico,2/28/2023
1876,Jeffrey Benton,shelbyhurley@jacobs.com,56,Poland,
1594,Susan Norris,fletcherjose@boyle.biz,54,Denmark,10/31/2022
1693,Stephen Leach,thomas55@gmail.com,47,Nauru,5/29/2022
1531,Terry Singh,elizabethgarcia@miller-campbell.biz,24,Macedonia,11/20/2021
1469,Denise Hampton,lmarshall@baker-knapp.com,28,Netherlands Antilles,3/21/2024
1127,Brian Carroll,nunezamy@hotmail.com,18,American Samoa,8/10/2021
1951,Jeffrey Bell,phamdavid@yahoo.com,67,Jamaica,3/8/2023
1791,William Swanson,meghan14@wilkinson.com,40,Central African Republic,10/22/2020
1057,Melissa Hernandez,rallen@gmail.com,44,Belarus,6/21/2021
1033,James Ford,stevenmcconnell@hotmail.com,54,Montenegro,6/10/2023
1237,Joshua Faulkner,george68@yahoo.com,46,Qatar,7/14/2021
1991,Christopher Jones,schroederkimberly@gmail.com,27,Slovenia,10/20/2020
1282,Michael Campbell,zjennings@hotmail.com,57,India,11/13/2020
1586,Victoria Simmons,marie31@gmail.com,113,Sierra Leone,4/17/2021
1362,Angela Ortiz,alyssatrujillo@brown-oliver.com,48,Cuba,10/18/2020
1243,Martin Flores,elizabethsutton@hotmail.com,54,Luxembourg,5/30/2024
1603,Juan Anderson,helen08@gmail.com,60,Saint Pierre and Miquelon,9/3/2023
1092,Nicholas Russell,albertgilbert@hotmail.com,86,Faroe Islands,5/2/2024
1210,Carla Wilson,georgeali@ortiz.com,57,Pakistan,12/31/2022
1337,James Townsend,lcarr@sullivan.biz,79,Jordan,2/20/2022
1888,David Black,qgarrison@hotmail.com,25,Fiji,11/25/2020
1668,James Soto,kpatton@bridges.com,49,Marshall Islands,8/24/2022
1301,Scott Herring,richardmiller@rice-richardson.com,24,Martinique,10/29/2024
1870,Mrs. Heather Jones,johnsonandrew@gmail.com,75,Qatar,1/27/2022
1085,Jesus Rivera,jmathis@porter.net,47,Turks and Caicos Islands,7/22/2023
1190,Rhonda Barker,andrew17@price.com,27,Belize,5/20/2021
1039,Shannon Smith,camposcynthia@gmail.com,37,Senegal,4/18/2022
1500,Rachel Green,manuel14@thomas-arias.com,60,Guinea-Bissau,
1623,Sandra Sellers,vlopez@white-singleton.info,34,Holy See (Vatican City State),10/10/2020
1924,George Morgan,fzimmerman@murray-hayes.org,22,Nauru,6/22/2020
1507,Noah Gonzalez,,19,Dominica,6/26/2021
1634,Brad Berger,ksmith@moore-miles.com,58,Zimbabwe,5/21/2021
1993,Holly Sullivan,efaulkner@hotmail.com,53,Tonga,6/30/2024
1516,Todd Anderson,barnettmichael@hotmail.com,57,Heard Island,1/30/2021
1723,Cheryl Morgan,smithjessica@jones-garcia.info,48,Micronesia,
1104,Kayla Peters,calderonjoseph@hotmail.com,33,Ecuador,2/24/2025
1867,John Jefferson,jacquelinesimmons@vaughn.com,54,South Georgia ,6/12/2023
1233,Dale Conner,wadevanessa@yahoo.com,60,China,3/27/2021
1676,Albert Simon,reedjames@duncan.com,34,Timor-Leste,12/19/2022
1105,Nicholas Gray,vhamilton@long.com,38,Andorra,8/10/2021
1341,Cory Koch,,25,Palau,9/20/2023
1753,Matthew Kerr,jessicabennett@dixon-petty.com,36,Australia,
1996,Randy Moyer,danielwalker@gmail.com,26,Saudi Arabia,7/21/2023
1253,Gary Moore,jessica12@hotmail.com,21,United States,3/5/2024
1408,Paula Hooper,karaconway@turner.com,27,Mozambique,3/20/2021
1422,John Williams,walkersheena@gmail.com,55,South Africa,12/20/2021
1774,Amber Rodgers,,20,Kyrgyz Republic,
1208,Christopher Lopez,fcollins@hotmail.com,31,Afghanistan,5/1/2024
1721,Darius Mathis,kathryn47@decker.info,48,Rwanda,3/16/2025
1828,Manuel Bauer,,58,Zimbabwe,
1082,Ashley Kim,brianhardin@yahoo.com,21,Saint Helena,8/24/2022
1497,Hector Smith,,36,French Polynesia,10/5/2021
1989,Nicole Stevens,watsonbrenda@yahoo.com,55,French Guiana,8/29/2024
1583,Brandon Johnson,sarahbarnett@gmail.com,38,Rwanda,6/30/2022
1975,Dr. Hannah Vasquez,smithscott@gmail.com,24,French Polynesia,11/5/2022
1087,Mario Mcguire,edavis@gmail.com,35,Aruba,6/13/2022
1064,Joanne Tucker,flawrence@yahoo.com,34,Iran,12/6/2021
1270,Kelli Garcia,heatheredwards@rodriguez-jones.com,56,Mali,4/12/2021
1605,Rita Jordan,jennifer42@hotmail.com,42,Algeria,4/26/2020
1790,Valerie Dickerson,rebeccadavila@hotmail.com,60,Saint Lucia,5/15/2021
1274,Melissa Evans,morenogregory@gmail.com,26,Moldova,10/17/2021
1872,Taylor Torres,amber40@jones.biz,26,Bosnia and Herzegovina,
1937,Brittany Barr,,35,Korea,8/4/2020
1853,Robert Thompson,,38,Turkey,3/28/2021
1963,Lisa Sutton,ryan34@peters.net,79,United States Minor Outlying Islands,2/22/2024
1153,Christopher Alvarez,glarson@hernandez.net,55,Mexico,3/28/2023
1613,Mrs. Amanda Nichols DDS,lwhite@yahoo.com,32,Korea,8/19/2023
1896,Anna Lee,fmunoz@yahoo.com,52,Korea,3/13/2024
1410,Jacob Eaton,matthewflores@brown.biz,46,Mexico,
1869,Brianna Velazquez,waltonmicheal@duke.com,43,Sierra Leone,1/28/2025
1517,Danielle Martin,reiddenise@yahoo.com,35,Nigeria,10/3/2020
1044,Christopher Smith,jmclaughlin@leblanc-reid.biz,36,Guernsey,
1625,Anthony Bowen DDS,gregoryjohnson@barnett.com,39,Niger,1/25/2025
1390,Thomas Hartman,brenda63@hotmail.com,25,Netherlands Antilles,3/31/2024
1220,Travis Rodriguez,catherinebailey@nicholson.com,49,Benin,12/25/2021
1140,Dave Stephens,ismall@brown.biz,22,Central African Republic,1/8/2025
1349,Lisa Wilkins,,22,Lithuania,6/19/2021
1357,Gregory Morales,christinawalker@hill-rivera.com,58,Cocos (Keeling) Islands,
1722,Jason Holt,anthony54@martin.com,25,Jamaica,5/22/2024
1133,Kara Luna,,25,Liberia,6/6/2022
1261,Wendy Bradley,,34,Guam,6/24/2023
1278,Mariah Johnson,gpeck@payne.com,24,French Southern Territories,11/23/2024
1079,Anna Leonard,rmcneil@gmail.com,42,Saint Vincent and the Grenadines,6/4/2020
1195,Jamie Taylor,javiergarcia@hayes.net,19,Mexico,3/31/2022
1115,Michael Sandoval,zachary84@gallegos-schultz.com,37,China,8/19/2022
1878,Christina Davis,urobinson@palmer-graham.info,42,Hong Kong,4/29/2021
1900,Darren Flowers,lisaking@smith.com,18,Mayotte,8/14/2022
1718,Valerie Robinson,smoore@patton-fernandez.net,39,Bosnia and Herzegovina,5/13/2020
1380,Ashley Johnson,gardnerjamie@bennett.com,41,Mozambique,3/10/2022
1242,Benjamin Guerra,xfrancis@gmail.com,59,Kenya,5/6/2021
1184,Michael Murphy,jonathan68@hamilton.com,30,Austria,
1851,Jason Gomez,pward@hotmail.com,34,Lao People's Democratic Republic,6/2/2022
1358,Mike Washington,pjones@patterson.net,29,Lao People's Democratic Republic,3/20/2025
1980,Chad Clark,matthewramirez@price.com,39,Liechtenstein,4/2/2025
1036,Dr. Shelley Warner,jeffery91@huff.info,59,British Virgin Islands,4/1/2025
1339,Mark Watson,hansenedward@gmail.com,25,Iran,8/8/2024
1901,Melissa Page,hollynelson@yahoo.com,57,Peru,2/5/2025
1754,Denise Warner,medinacaitlin@hotmail.com,60,Zambia,5/10/2023
1420,Mr. James Munoz,usandoval@hotmail.com,29,Honduras,7/24/2020
1149,Maurice Hoover,jaguilar@gmail.com,31,Northern Mariana Islands,3/22/2025
1009,Morgan Armstrong,michael06@hotmail.com,37,Colombia,11/23/2021
1274,Melissa Evans,morenogregory@gmail.com,26,Moldova,10/17/2021
1840,Randall Paul,lcampbell@yahoo.com,39,Equatorial Guinea,11/25/2020
1045,Colleen Bishop,yatespeter@hotmail.com,52,Svalbard & Jan Mayen Islands,11/2/2024
1095,Jason Ramirez,andre80@dean.org,21,Finland,1/22/2021
1702,Cheryl Ray,hamiltonsteven@hotmail.com,50,Albania,4/2/2025
1534,Jason Smith,lhill@warren.net,24,Pitcairn Islands,10/19/2024
1548,Dawn Pierce,michael47@anderson.net,39,French Polynesia,11/13/2022
1560,Cynthia Ayala,christinegutierrez@gmail.com,35,Western Sahara,6/14/2021
1298,Kimberly Beck,longmichael@yahoo.com,55,Marshall Islands,5/22/2023
1290,Adrienne Wong,ecooper@hotmail.com,60,Jordan,7/28/2021
1415,Caleb Dixon III,brianna26@yahoo.com,38,Saint Helena,3/28/2021
1313,Danielle Cox,garciaangela@hotmail.com,33,Botswana,10/25/2023
1421,James Sheppard,kevin02@gmail.com,47,Andorra,2/8/2025
1657,Stephanie Rocha,kiddluis@yahoo.com,45,Timor-Leste,5/22/2022
1122,Phillip Bennett,sandra14@hotmail.com,57,Cameroon,9/11/2023
1905,Ronald Santana,,50,Burkina Faso,11/3/2024
1879,Cynthia Reyes,robinsoncourtney@yahoo.com,58,Saint Martin,8/28/2020
1361,Matthew Preston,meganestrada@gmail.com,35,Benin,6/7/2021
1336,Kathleen Davidson,michael26@castro-oneal.com,60,Timor-Leste,4/29/2024
1135,Susan Serrano,codythomas@hotmail.com,38,Estonia,12/18/2024
1915,Marc Martin,jennifer59@gmail.com,21,Cook Islands,8/24/2023
1827,John Russell Jr.,robert20@black-zhang.com,34,Guatemala,4/26/2020
1709,Linda Morris,davismichael@cooley.com,59,Svalbard & Jan Mayen Islands,4/22/2021
1769,Brianna Hahn,nicholsonshawn@snyder.com,33,Iraq,2/25/2025
1651,Chris Russell,amorgan@gmail.com,108,Cyprus,9/7/2021
1367,Aaron Mack,poolepeter@long.net,20,Ethiopia,1/4/2024
1088,Misty Graham,,58,Sierra Leone,6/6/2020
1974,Antonio Cruz,dustinbarker@gmail.com,30,Kyrgyz Republic,12/3/2024
1619,Daniel Friedman,brianacollier@white.com,30,Vanuatu,11/3/2024
1008,Curtis Craig,rebecca99@hotmail.com,25,Saint Barthelemy,6/27/2022
1097,George Sparks DVM,lawrencesonia@simpson.net,19,Armenia,3/16/2022
1910,Dawn Walsh,gibsoncarrie@chase.com,36,Nicaragua,7/31/2023
1348,Jeff Collins,gilmoremarisa@yahoo.com,31,French Southern Territories,8/28/2024
1509,Alan Ayala,hallsamantha@yahoo.com,34,Liechtenstein,5/28/2020
1211,Scott Jordan,pbell@reeves.com,126,Cape Verde,12/27/2023
1703,Edward Russell,susangomez@hotmail.com,49,Lebanon,4/24/2021
1746,Renee Preston,silvakayla@solomon.info,47,South Georgia ,10/1/2021
1021,David Rodriguez,thomasmichael@warren.com,19,Ghana,3/31/2024
1482,Gregory Robinson,lisa16@gmail.com,40,Belize,1/24/2023
1570,James David,mooreandrew@cook-byrd.com,57,Mauritius,8/26/2020
1405,Ana Dougherty,madelinewarner@smith-wheeler.com,46,Palau,10/21/2020
1784,Sharon Porter,heather43@yahoo.com,40,Greece,10/18/2024
1887,Kathy Andrade,griffinmark@hodge-lewis.com,45,Netherlands,3/25/2022
1987,Christopher Esparza,kim54@cuevas-anderson.biz,45,Thailand,1/1/2022
1090,Kelly Lopez,josephcross@castillo-mills.info,39,Israel,
1913,Matthew Martinez,,24,Papua New Guinea,2/15/2024
1478,Brandon Bailey,ashleylarson@cole.org,60,Montenegro,10/2/2021
1590,Tara Boyd,,97,Indonesia,3/3/2023
1491,Devin Schmidt,donnamendoza@anderson-gates.info,52,Suriname,6/14/2020
1841,Courtney Richardson,taylorhays@preston.info,41,Belgium,12/5/2023
1046,David Kelly,ssanders@maldonado-sullivan.info,44,United States of America,
1364,Amber Hodges,pjones@hotmail.com,23,Malawi,8/16/2020
1296,Jerry Duncan,,54,Reunion,6/9/2023
1049,Pamela Middleton,jessicabean@gmail.com,57,Turkmenistan,7/18/2023
1487,Crystal Weber,kathrynellis@olson.com,59,Reunion,8/28/2020
1224,Nichole Young,qesparza@yahoo.com,26,Greenland,2/11/2025
1750,Vanessa Burnett,,40,Ghana,1/14/2022
1219,Todd Mcbride,kristina36@moore.com,22,Mexico,2/25/2021
1133,Kara Luna,,25,Liberia,6/6/2022
1897,Adam Alvarez,williamdixon@jones-lewis.com,47,United Kingdom,11/19/2023
1850,Elizabeth Hall,,60,Australia,2/3/2025
1761,Vanessa Roberts,kelly98@clark.com,33,Tajikistan,3/26/2024
1101,Juan Hill,jeremysingleton@yahoo.com,60,Montenegro,5/18/2022
1647,Eric Parks,prattgabrielle@lee-hodge.info,29,Greece,2/14/2024
1201,Tracy Hernandez,mike42@hotmail.com,35,Venezuela,11/14/2023
1562,Daniel Schneider,xrodriguez@gmail.com,39,Guinea,10/8/2021
1622,Andre Gordon,campbellpamela@hamilton-brown.info,30,Congo,10/21/2023
1075,Amy Gonzalez,ecrane@gmail.com,38,Northern Mariana Islands,9/20/2023
1063,Robert Taylor,,48,Cayman Islands,8/28/2020
1804,Rebecca Rojas,williamsonlisa@gmail.com,40,Libyan Arab Jamahiriya,2/16/2024
1604,Scott Taylor,williamsgreg@jackson-watts.net,36,Mayotte,5/13/2021
1245,Alyssa Johnson,jennifer13@gmail.com,36,Kenya,3/3/2025
1442,Dr. Michael Cox Jr.,,45,Bangladesh,4/11/2025
1943,Daniel Franco,amullen@yahoo.com,26,Canada,7/31/2024
1574,Kevin Wright,timothy95@hotmail.com,19,Reunion,4/25/2021
1000,Jeremy Stone,cynthiagarner@gmail.com,60,Rwanda,8/31/2022
1539,John Barnes,dianacollier@gmail.com,50,Cayman Islands,4/10/2023
1767,Lindsey Moran,melissareyes@gmail.com,37,Albania,4/21/2022
1762,Richard Rangel,keithdustin@gmail.com,19,Micronesia,8/2/2021
1868,Heather Haynes,amanda63@hotmail.com,57,Mauritius,12/12/2021
1689,Mr. William Gomez,aaron51@gmail.com,29,French Guiana,6/30/2023
1187,Stacy Cruz,leenichole@thomas.com,38,Burkina Faso,8/6/2021
1406,Kyle Morris,ahuerta@gmail.com,30,Kenya,11/19/2023
1148,Donna Esparza,millerkimberly@perez-collins.net,57,Sudan,11/25/2020
1751,James Jones,hcunningham@olson.info,55,Saudi Arabia,11/24/2024
1614,Carrie Warren,patrickgilbert@anderson.com,43,Nigeria,8/6/2024
1345,Tracy Roberson,brownnathan@yahoo.com,50,Saint Helena,4/10/2024
1026,Tammy Smith,keyronald@ferguson-jackson.info,31,Uganda,
1461,Joshua Chaney,,44,Barbados,
1670,Autumn Smith,brianramirez@cruz.com,34,Niue,
1655,Michelle Wade,santiagoandrea@gmail.com,30,Fiji,2/16/2025
1785,Bradley Carroll,kirksarah@burgess-reese.org,32,Kenya,12/6/2020
1059,Danny Rios,cmurphy@gmail.com,18,Pakistan,7/12/2022
1933,Jack Goodwin,wangamanda@mcfarland-garcia.com,43,Mozambique,11/22/2022
1714,Kimberly Dominguez,kathleencollins@yahoo.com,25,Korea,11/15/2023
1326,Gloria Green,chancarrie@yahoo.com,57,China,3/7/2024
1424,Elizabeth Luna,kimberly40@jones.com,21,Niger,3/14/2023
1720,Joann Maxwell,wendy12@hampton.com,44,Zimbabwe,10/25/2022
1477,Jill Paul,kenneth93@lopez.biz,38,Seychelles,11/8/2024
1043,Mark Ochoa,jessicabaker@yahoo.com,20,Philippines,3/13/2023
1661,Jacob Serrano,,21,Nicaragua,7/20/2024
1635,Christian Williams,justinespinoza@yahoo.com,57,Samoa,12/22/2021
1823,Kayla Richard,timothylee@bass.com,50,Saint Lucia,1/23/2024
1528,Zachary Carter,nbriggs@yahoo.com,36,Cote d'Ivoire,9/13/2024
1736,David Alexander,figueroawilliam@hotmail.com,45,Chad,10/9/2023
1483,Laura Edwards,grahampatrick@carrillo-fernandez.com,47,El Salvador,1/29/2022
1218,Jeremy Thompson,luislewis@yahoo.com,41,Guernsey,3/7/2025
1741,Kyle Lara,heather92@gmail.com,35,Lesotho,3/13/2021
1820,David Oconnor,alyssa81@hotmail.com,56,Cocos (Keeling) Islands,5/18/2020
1041,Elizabeth Ho,armstrongwesley@gutierrez.com,59,Falkland Islands (Malvinas),8/18/2022
1818,Steve James,sydney80@gmail.com,55,Cameroon,6/5/2021
1855,Caleb Mccarthy,ambercontreras@hotmail.com,21,Namibia,8/21/2021
1992,Nicole Thompson,usmith@hotmail.com,44,Guinea,5/10/2020
1914,Susan Clark,jeremy21@gmail.com,40,French Guiana,3/19/2022
1609,Jerry Wilson,timothywest@gmail.com,52,Cyprus,4/1/2025
1485,Susan Ryan,haaskristina@yahoo.com,48,Peru,3/23/2024
1125,Kathy Booker,connerdennis@yahoo.com,18,Jamaica,6/14/2021
1973,Joseph Boyer,geraldbenitez@gmail.com,56,Saudi Arabia,9/9/2021
1061,Stephanie Black,bpowell@hotmail.com,39,Paraguay,7/21/2024
1081,Jacqueline Lee,,37,Guam,3/10/2023
1680,Mitchell Watson,reedchristine@flores-lucas.com,127,Wallis and Futuna,12/11/2022
1324,Jacob Hawkins,,31,Denmark,6/6/2023
1385,Adam Hahn,powellangela@hotmail.com,38,Fiji,12/18/2022
1537,Brandon Brown,andrea13@gmail.com,34,Kazakhstan,
1056,Allison Hall,robert54@paul.biz,41,Sri Lanka,2/6/2023
1019,Sara Casey,luiscosta@hotmail.com,45,New Caledonia,1/27/2021
1454,John Moore,jennifer85@yahoo.com,82,Philippines,1/11/2023
1086,Tiffany Lewis,jacobsondanny@wilson.com,60,Paraguay,9/14/2021
1838,Dawn Hodge,denniscruz@arroyo.net,55,Lithuania,12/23/2021
1758,Terrance Chambers,ronaldconley@hotmail.com,38,Guinea,1/11/2022
1649,Tina Spence,lwagner@martinez.com,55,Canada,8/20/2021
1316,Tami Montes,qherrera@hotmail.com,36,Eritrea,11/13/2023
1034,Eric Oconnell,nealelizabeth@yahoo.com,20,Canada,9/16/2024
1808,Mary Phillips,pklein@osborne.org,118,Cayman Islands,12/21/2021
1138,Jason Chan MD,gregory96@hotmail.com,50,Bhutan,6/14/2020
1766,Christina Ross MD,christiehayes@yahoo.com,23,Reunion,6/12/2021
1588,Matthew Rogers,markstevens@singh.com,31,Montserrat,9/2/2020
1904,Kendra Phillips,jameshayden@harris.com,48,Maldives,3/19/2022
1498,Brent Rojas,,30,Congo,8/11/2023
1538,John Olson,rachel59@hotmail.com,27,Greenland,9/25/2022
1800,Michelle Hardin,kevinhenry@goodwin.net,55,Iran,10/26/2023
1555,Makayla Sullivan,garybates@hotmail.com,59,Botswana,2/27/2022
1096,Eric Dunn,matthewaguilar@hotmail.com,53,Georgia,2/3/2023
1083,Dominic Wilson DVM,thomashull@johnson.com,32,French Guiana,12/11/2020
1446,Erik Hines,hollywilkins@hoffman.info,46,Eritrea,10/28/2022
1474,Daniel Lee,allen81@johnson.com,44,Finland,10/11/2023
1764,Derek Bond,linda28@gmail.com,60,Guadeloupe,2/20/2024
1366,Shannon Vasquez,alicecrawford@yahoo.com,36,Serbia,9/17/2023
1873,Gerald Nguyen,brianbrown@leonard-collier.com,49,Cambodia,7/9/2020
1697,Taylor Davis,jamie98@anderson.biz,24,British Virgin Islands,12/18/2024
1585,Charles Miller,susan38@johnson.com,78,Taiwan,4/26/2021
1885,Reginald Baker,stevenwright@glover.com,21,Senegal,2/18/2021
1318,Tina Scott,amanda04@wolfe.org,29,Norfolk Island,6/27/2020
1760,Diamond Mccoy,imoore@gmail.com,36,Papua New Guinea,10/2/2021
1918,Andrew Pena,ucarter@hotmail.com,26,Taiwan,2/28/2023
1401,Jason Wagner,sydneyterry@arnold.com,36,Senegal,6/24/2023
1759,Sheila Pena,dgibson@gmail.com,20,Italy,2/2/2022
1392,Kathleen Nguyen,hinesclarence@reese.com,54,United States of America,3/26/2025
1049,Pamela Middleton,jessicabean@gmail.com,57,Turkmenistan,7/18/2023
1745,Gabrielle Watson,dawnramirez@gmail.com,45,Bahrain,7/11/2023
1271,Kelly Collins,,33,Serbia,3/23/2022
1506,Alicia Bailey,robinsonsarah@dunn.net,28,Estonia,6/21/2023
1453,Kimberly Castillo,hamiltonshannon@cardenas-wagner.org,23,United Arab Emirates,7/9/2021
1434,Karina Mccullough,ashlee20@yahoo.com,39,Dominican Republic,11/10/2024
1648,Heather Smith,hboyer@hotmail.com,53,Libyan Arab Jamahiriya,7/6/2024
1942,Jennifer Howe,,28,Croatia,6/9/2023
1807,Jeremy Barnett,susannunez@anderson.com,28,Australia,6/26/2024
1561,Sarah Barber,ljohnson@trevino.biz,41,Morocco,7/15/2020
1207,Anthony Vega,cmartin@hotmail.com,49,Singapore,7/12/2022
1319,Krystal Case,sandrawoods@gmail.com,29,Bangladesh,12/27/2022
1644,Eric Ramsey,mendozaandrea@gmail.com,53,Liechtenstein,6/3/2022
1132,Mrs. Nancy Mcfarland,karinajohnson@yahoo.com,39,San Marino,1/27/2022
1050,Amanda Marshall,adamrowe@gmail.com,39,Netherlands,9/15/2024
1972,Kristin Williams,bernardkelly@hotmail.com,28,Turkmenistan,6/22/2020
1238,Kevin Newton,donnasmith@stewart.com,21,Solomon Islands,10/9/2022
1564,Stacy Hernandez,qgonzalez@yahoo.com,47,British Indian Ocean Territory (Chagos Archipelago),10/24/2022
1592,Thomas Black,julie85@shaw-cooper.net,39,Antarctica (the territory South of 60 deg S),11/25/2024
1450,Rick Gaines,judith98@rich.com,34,Tunisia,7/21/2023
1031,Teresa Sutton,john39@yahoo.com,31,Uganda,7/10/2024
1121,Amber Stewart,johnbrown@yahoo.com,32,Myanmar,12/16/2021
1255,Lindsey Velez,jamesnicole@gmail.com,54,Bahrain,4/29/2023
1892,Barbara Jensen,johnsondanielle@martinez-lane.biz,56,Algeria,6/11/2022
1359,Keith Johnson,melindamayer@taylor.info,54,Trinidad and Tobago,8/20/2021
1051,Michelle Contreras,palmeromar@baker-watson.com,60,Saint Lucia,6/7/2021
1875,John Chapman,huntthomas@yahoo.com,49,Vietnam,6/25/2023
1938,Joshua Bryant,charlesnelson@woods-wilson.com,54,Guatemala,4/20/2021
1772,Amy Coleman,elizabethfritz@yahoo.com,26,Jersey,6/18/2023
1679,Tony Golden,,52,Morocco,7/23/2020
1805,David Miller,john97@brennan.com,21,Papua New Guinea,7/31/2023
1124,Joseph Padilla,hjackson@fitzgerald-hobbs.info,44,Northern Mariana Islands,1/21/2025
1404,Jennifer Miller,kevin10@weaver-grant.com,34,Congo,9/26/2021
1730,Alexander Thompson,,40,Myanmar,9/19/2024
1831,Michelle Jenkins,,29,Kazakhstan,12/18/2023
1725,Amanda Hill,,22,Martinique,2/17/2024
1587,Adam Bartlett,paigehaas@yahoo.com,34,Suriname,5/1/2021
1607,Billy Bailey,vlambert@hotmail.com,51,Belarus,11/29/2023
1433,Curtis Thompson,jessica18@yahoo.com,28,Peru,1/26/2025
1674,John Allen,yuamy@hotmail.com,48,Hungary,11/4/2020
1360,Andrew Massey,donald62@yahoo.com,59,Nigeria,3/22/2022
1466,Brooke Anthony,ujohnson@hotmail.com,48,Mozambique,8/18/2020
1299,Maria Camacho DDS,jessicaserrano@graham.com,35,Switzerland,6/9/2024
1493,Eric Hensley,djones@curry.com,50,Malaysia,11/1/2023
1527,William Ortiz,mcfarlandwesley@gmail.com,43,Ireland,2/26/2025
